{
    "IanBM18": [
        {
            "nivel": 1,
            "tiempo": 83.80474877357483
        },
        {
            "nivel": 1,
            "tiempo": 83.31586933135986
        }
    ]
}